<?xml version="1.0" encoding="UTF-8"?>
        <!DOCTYPE mapper
                PUBLIC "-//mybatis.org//DTD Mapper 3.0//EN"
                "http://mybatis.org/dtd/mybatis-3-mapper.dtd">

<mapper namespace="com.bbsoft.smms.mapper.CommodityMapper">

<select id="listAll" parameterType="int" resultType="Commodity">
        SELECT * FROM supermarket.goods WHERE num=#{num}
    </select>

<select id="delete_all">
        TRUNCATE TABLE supermarket.goods
    </select>

<select id="list_num" resultType="Commodity">
        SELECT * FROM supermarket.goods ORDER BY num  ASC
    </select>

<select id="list_volume" resultType="Commodity">
        SELECT * FROM supermarket.goods ORDER BY volume  DESC
    </select>

<select id="list_gross" resultType="Commodity">
        SELECT * FROM supermarket.goods ORDER BY gross DESC
    </select>

<insert id="add" parameterType="Commodity">
        INSERT INTO supermarket.goods (num,name,kind,bid,price,stock,sell,volume,remain,gross) VALUES (#{num},#{name},#{kind},#{bid},#{price},#{stock},#{sell},#{volume},#{remain},#{gross})
    </insert>

<delete id="delete_num" parameterType="int">
        DELETE FROM supermarket.goods WHERE num = #{num}
    </delete>

<update id="amend_num">
        UPDATE supermarket.goods SET num=#{commodity.num},name=#{commodity.name},kind=#{commodity.kind},bid=#{commodity.bid},price=#{commodity.price},stock=#{commodity.stock},sell=#{commodity.sell},volume=#{commodity.volume},remain=#{commodity.remain},gross=#{commodity.gross}
        WHERE num=#{num}
    </update>


<select id="search_num" resultType="Commodity" parameterType="int" >
        SELECT * FROM supermarket.goods WHERE num=#{num}
    </select>
<select id="search_name" resultType="Commodity" parameterType="String" >
        SELECT * FROM supermarket.goods WHERE name=#{name}
    </select>
<select id="kind_search" resultType="Commodity" parameterType="String"  >
        SELECT kind , count(kind)AS kind_number   FROM supermarket.goods GROUP BY kind
    </select>

</mapper>