<?xml version="1.0" encoding="UTF-8"?>
<!DOCTYPE mapper
        PUBLIC "-//mybatis.org//DTD Mapper 3.0//EN"
        "http://mybatis.org/dtd/mybatis-3-mapper.dtd">

<mapper namespace="com.bbsoft.smms.mapper.UserMapper">

    <select id="index" resultType="User" parameterType="String">
        SELECT * FROM supermarket.users WHERE username=#{username}
    </select>

    <select id="listAll" resultType="User">
        SELECT * FROM supermarket.users
    </select>

    <select id="searchId" resultType="User" parameterType="int">
        SELECT * FROM supermarket.users WHERE id=#{id}
    </select>

    <update id="amendId">
        UPDATE supermarket.users SET username=#{user.username},identify=#{user.identify} WHERE id=#{id}
    </update>

    <select id="verify" parameterType="User" resultType="User">
        SELECT *
        FROM supermarket.users
        WHERE id =#{id} AND password=#{password} AND username=#{username}
    </select>
    <select id="verify_protection" parameterType="User" resultType="User">
        SELECT * FROM supermarket.users WHERE id=#{id} AND username =#{username} AND secret_protection=#{secret_protection}
    </select>


    <update id="new_user" parameterType="user">
        INSERT INTO supermarket.users (username,password,secret_protection,identify) VALUES (#{username},#{password},#{secret_protection},#{identify})
    </update>


    <delete id="delete" parameterType="int">
        DELETE FROM supermarket.users WHERE id=#{id}
    </delete>
</mapper>