<?xml version="1.0" encoding="UTF-8"?>
<!DOCTYPE mapper
        PUBLIC "-//mybatis.org//DTD Mapper 3.0//EN"
        "http://mybatis.org/dtd/mybatis-3-mapper.dtd">

<mapper namespace="com.bbsoft.smms.mapper.WareMapper">

    <select id="listAll" parameterType="int" resultType="Ware">
        SELECT * FROM supermarket.commodity WHERE num=#{num}
    </select>

    <select id="delete_all">
        TRUNCATE TABLE supermarket.commodity
    </select>

    <select id="list_num" resultType="Ware">
        SELECT * FROM supermarket.commodity ORDER BY num  ASC
    </select>

    <select id="list_volume" resultType="Ware">
        SELECT * FROM supermarket.commodity ORDER BY total_volume  DESC
    </select>

    <select id="list_gross" resultType="Ware">
        SELECT * FROM supermarket.commodity ORDER BY total_benefit DESC
    </select>

    <insert id="add" parameterType="Ware">
        INSERT INTO supermarket.commodity (num,name,kind,bid,price,manufacturer,total_stock,total_sell,total_cost,total_volume,total_benefit) VALUES (#{num},#{name},#{kind},#{bid},#{price},#{manufacturer},#{total_stock},#{total_sell},#{total_cost},#{total_volume},#{total_benefit})
    </insert>

    <delete id="delete_num" parameterType="int">
        DELETE FROM supermarket.commodity WHERE num = #{num}
    </delete>
    <delete id="delete_name" parameterType="String">
        DELETE  FROM supermarket.commodity WHERE name=#{name}
    </delete>

    <update id="amend_num" >
        UPDATE supermarket.commodity SET num=#{ware.num},name=#{ware.name},kind=#{ware.kind},bid=#{ware.bid},price=#{ware.price},manufacturer=#{ware.manufacturer},total_stock=#{ware.total_stock},total_sell=#{ware.total_sell},total_cost=#{ware.total_cost},total_volume=#{ware.total_volume},total_benefit=#{ware.total_benefit}
        WHERE num=#{num}
    </update>

    <select id="search_num" resultType="Ware" parameterType="int" >
        SELECT * FROM supermarket.commodity WHERE num=#{num}
    </select>
    <select id="search_name" resultType="Ware" parameterType="String" >
        SELECT * FROM supermarket.commodity WHERE name=#{name}
    </select>

</mapper>